,PRNAME,PCNAME,year,area_type,conn_type,avg_d_kbps,avg_u_kbps,avg_lat_ms
4,Alberta,Alberta Beach - Val Quentin,2022,Rural,fixed,27294.313510101012,9221.085542929293,33.913762626262624
6,Alberta,Athabasca,2022,Rural,fixed,49801.66666666667,11545.0,31.583333333333332
13,Alberta,Barrhead,2022,Rural,mobile,45130.46666666667,5060.722222222223,38.27777777777778
27,Alberta,Bon Accord,2022,Rural,mobile,45106.4,3947.6,52.4
33,Alberta,Bow Island,2022,Rural,mobile,48646.833333333336,9351.833333333334,91.5
45,Alberta,Calmar,2022,Rural,mobile,69884.53333333333,7215.716666666667,48.15
55,Alberta,Cardston,2022,Rural,mobile,40405.555555555555,13225.444444444445,32.111111111111114
57,Alberta,Carstairs,2022,Urban,mobile,25219.583333333336,3000.9166666666665,34.666666666666664
62,Alberta,Clairmont,2022,Rural,fixed,172433.1875,8663.00892857143,34.736607142857146
63,Alberta,Clairmont,2022,Rural,mobile,16475.125,2260.875,41.75
69,Alberta,Coalhurst,2022,Rural,mobile,70793.5,2699.0,32.0
71,Alberta,Coalhurst,2022,Urban,mobile,85368.75,6037.25,43.5
91,Alberta,Drumheller,2022,Rural,mobile,45854.15064102564,6142.740384615385,81.2275641025641
92,Alberta,Duchess,2022,Urban,fixed,40111.541666666664,11845.5,15.816666666666665
93,Alberta,Duchess,2022,Urban,mobile,25344.666666666668,2282.5,28.5
94,Alberta,Eckville,2022,Rural,fixed,40383.375,13091.05357142857,30.416666666666664
103,Alberta,Edson,2022,Urban,mobile,42005.083333333336,4306.166666666667,32.75
104,Alberta,Elk Point,2022,Rural,fixed,30701.599107142858,16784.108333333334,36.423809523809524
105,Alberta,Elk Point,2022,Rural,mobile,29105.44444444445,2092.944444444445,34.0
106,Alberta,Fairview,2022,Rural,fixed,61506.76845238095,8208.173214285714,28.560119047619047
107,Alberta,Fairview,2022,Rural,mobile,45211.2,9977.6,47.0
108,Alberta,Falher,2022,Rural,fixed,22342.783333333333,5912.816666666667,34.475
109,Alberta,Falher,2022,Rural,mobile,68408.19444444445,5501.555555555555,36.94444444444445
121,Alberta,Fox Creek,2022,Rural,mobile,46438.86666666667,12546.366666666665,31.0
123,Alberta,Gibbons,2022,Rural,mobile,75855.7074074074,3664.307407407407,37.77037037037037
125,Alberta,Grand Centre,2022,Rural,mobile,50682.441666666666,7604.693707482993,31.364625850340136
126,Alberta,Grande Cache,2022,Rural,fixed,29571.874016955266,5573.911841630591,38.80684523809524
132,Alberta,Grimshaw,2022,Rural,fixed,74407.66517857143,9653.531845238094,30.247767857142858
135,Alberta,Hanna,2022,Rural,mobile,17636.45238095238,2045.142857142857,60.88095238095239
136,Alberta,High Level,2022,Rural,fixed,36642.78816558442,9105.407305194805,32.348068181818185
138,Alberta,High Prairie,2022,Rural,fixed,39092.330092592594,9494.462962962964,39.2849537037037
150,Alberta,Irricana,2022,Rural,fixed,46469.56249999999,8506.864583333334,26.75
153,Alberta,Jasper,2022,Rural,mobile,45646.02453703704,8396.22962962963,100.2712962962963
154,Alberta,La Crète,2022,Rural,fixed,45295.67658730159,7767.793452380953,39.58859126984127
172,Alberta,Legal,2022,Rural,fixed,41333.7125,23109.625,32.7375
183,Alberta,Magrath,2022,Rural,mobile,37054.5,8072.833333333333,58.833333333333336
184,Alberta,Manning,2022,Rural,fixed,24251.423958333333,4710.028125,36.405208333333334
186,Alberta,Mayerthorpe,2022,Rural,fixed,195735.7738095238,9142.404761904761,29.785714285714285
187,Alberta,Mayerthorpe,2022,Rural,mobile,20207.0,3030.75,32.5
192,Alberta,Millet,2022,Rural,fixed,139594.93129960317,8563.806101190476,19.528869047619047
201,Alberta,Nobleford,2022,Urban,mobile,22019.0,19678.0,29.5
209,Alberta,Olds,2022,Urban,mobile,27998.4,2041.8,80.93333333333334
213,Alberta,Penhold,2022,Rural,mobile,72502.66666666667,6681.0,28.333333333333332
217,Alberta,Picture Butte,2022,Rural,mobile,18077.6,1511.0,32.0
219,Alberta,Pincher Creek,2022,Rural,mobile,81883.22222222223,5457.534722222222,31.743055555555557
223,Alberta,Provost,2022,Rural,mobile,11631.0,576.5,70.5
225,Alberta,Raymond,2022,Rural,mobile,73974.7,7025.5666666666675,38.38333333333333
233,Alberta,Redwater,2022,Rural,mobile,62988.333333333336,5054.0,41.333333333333336
234,Alberta,Rimbey,2022,Rural,fixed,38452.31376262626,15484.383522727272,20.471906565656564
251,Alberta,Stony Plain,2022,Urban,mobile,69938.203125,8435.426041666668,32.4078125
256,Alberta,Sundre,2022,Rural,fixed,44072.816110588974,11693.007022363601,35.09635808270677
265,Alberta,Taber,2022,Urban,mobile,34848.25,7547.125,34.75
268,Alberta,Tofield,2022,Rural,fixed,34339.18571428571,10751.741666666667,31.41904761904762
269,Alberta,Tofield,2022,Rural,mobile,40782.642857142855,3250.714285714286,65.71428571428571
276,Alberta,Two Hills,2022,Rural,fixed,26992.0375,9533.458333333334,20.595833333333335
277,Alberta,Two Hills,2022,Rural,mobile,191213.33333333334,9479.0,28.333333333333332
278,Alberta,Vauxhall,2022,Rural,fixed,33765.76294642857,8935.541071428572,69.31919642857143
284,Alberta,Viking,2022,Rural,fixed,24844.4125,8509.020833333332,23.516666666666666
293,Alberta,Westlock,2022,Rural,mobile,47211.69736842105,4465.25,34.5921052631579
309,British Columbia / Colombie-Britannique,Aldergrove East,2022,Rural,mobile,70895.29166666667,4086.3541666666665,30.458333333333336
314,British Columbia / Colombie-Britannique,Ashcroft,2022,Rural,fixed,58097.873611111114,8388.234375,21.624652777777776
315,British Columbia / Colombie-Britannique,Ashcroft,2022,Rural,mobile,62938.041666666664,9853.791666666666,52.08333333333333
317,British Columbia / Colombie-Britannique,Blind Bay,2022,Rural,mobile,46577.19696969697,5447.295454545455,41.13939393939394
318,British Columbia / Colombie-Britannique,Burns Lake,2022,Rural,fixed,46665.158295454545,18562.62640151515,37.293371212121215
323,British Columbia / Colombie-Britannique,Campbell River,2022,Urban,mobile,57308.8125,5308.5625,25.125
325,British Columbia / Colombie-Britannique,Castlegar,2022,Rural,mobile,74954.08942307692,7644.883653846154,58.5951923076923
327,British Columbia / Colombie-Britannique,Cedar,2022,Rural,mobile,22046.690476190477,1951.7619047619048,85.83333333333334
328,British Columbia / Colombie-Britannique,Chase,2022,Rural,fixed,72372.70974650349,8307.613489808802,24.29429893023643
329,British Columbia / Colombie-Britannique,Chase,2022,Rural,mobile,40635.54761904762,3591.434523809524,37.83333333333333
349,British Columbia / Colombie-Britannique,Cranbrook,2022,Urban,mobile,88738.6875,6742.0,47.875
351,British Columbia / Colombie-Britannique,Creston,2022,Rural,mobile,68629.24583333333,9848.316666666668,78.075
357,British Columbia / Colombie-Britannique,Cumberland,2022,Rural,mobile,55221.8,7500.2,88.0
359,British Columbia / Colombie-Britannique,Cumberland,2022,Urban,mobile,68143.75,8726.5,71.5
369,British Columbia / Colombie-Britannique,Duck Lake,2022,Urban,mobile,53903.4,9858.657142857144,68.85714285714286
381,British Columbia / Colombie-Britannique,Fernie,2022,Rural,mobile,69955.04365079365,5426.084656084657,59.71957671957672
382,British Columbia / Colombie-Britannique,Fort Nelson,2022,Rural,fixed,65181.799999999996,8326.938888888888,33.35462962962963
383,British Columbia / Colombie-Britannique,Fort Nelson,2022,Rural,mobile,31154.0,6090.071428571428,97.35714285714286
385,British Columbia / Colombie-Britannique,Fort St. James,2022,Rural,mobile,111163.0,1656.0,45.0
389,British Columbia / Colombie-Britannique,Fort St. John,2022,Urban,mobile,13480.0,8029.0,33.0
392,British Columbia / Colombie-Britannique,Golden,2022,Rural,fixed,133811.49930555554,9167.44271825397,33.36144841269841
395,British Columbia / Colombie-Britannique,Grand Forks,2022,Rural,mobile,70532.38333333333,9058.853333333333,42.964444444444446
403,British Columbia / Colombie-Britannique,Invermere,2022,Rural,mobile,52292.739583333336,9908.5625,73.7875
413,British Columbia / Colombie-Britannique,Kent,2022,Rural,mobile,31478.114583333336,6419.072916666666,47.73958333333333
415,British Columbia / Colombie-Britannique,Kent,2022,Urban,mobile,21749.916666666664,5181.9375,77.5625
417,British Columbia / Colombie-Britannique,Keremeos,2022,Rural,mobile,69760.5625,9104.25,49.5625
427,British Columbia / Colombie-Britannique,Ladysmith,2022,Urban,mobile,81642.5,6715.5,19.5
433,British Columbia / Colombie-Britannique,Lions Bay,2022,Rural,mobile,24601.5,670.0,25.5
434,British Columbia / Colombie-Britannique,Logan Lake,2022,Rural,fixed,32810.83928571429,6660.335714285714,24.758333333333333
435,British Columbia / Colombie-Britannique,Logan Lake,2022,Rural,mobile,30812.333333333332,8940.0,48.333333333333336
437,British Columbia / Colombie-Britannique,Lumby,2022,Rural,mobile,28977.0,4087.5,89.5
438,British Columbia / Colombie-Britannique,Mackenzie,2022,Rural,fixed,31233.296279761904,5609.954761904762,35.582589285714285
441,British Columbia / Colombie-Britannique,Merritt,2022,Rural,mobile,65455.93928571429,8444.995238095238,43.78690476190476
443,British Columbia / Colombie-Britannique,Miller's Landing,2022,Rural,mobile,174898.75,7629.5,36.125
449,British Columbia / Colombie-Britannique,Nakusp,2022,Rural,mobile,82327.19444444444,9297.888888888889,44.888888888888886
459,British Columbia / Colombie-Britannique,Okanagan Falls,2022,Rural,mobile,45911.75,14194.125,35.375
471,British Columbia / Colombie-Britannique,Peachland,2022,Rural,mobile,50183.02564102564,4317.346153846154,68.2051282051282
483,British Columbia / Colombie-Britannique,Port Alberni,2022,Urban,mobile,59507.125,9216.625,23.125
493,British Columbia / Colombie-Britannique,Prince George,2022,Urban,mobile,48371.51666666667,12708.2,35.233333333333334
495,British Columbia / Colombie-Britannique,Prince Rupert,2022,Rural,mobile,49721.23217592593,11788.326851851853,58.16388888888889
497,British Columbia / Colombie-Britannique,Princeton,2022,Rural,mobile,70687.80555555556,7867.583333333333,34.5
507,British Columbia / Colombie-Britannique,Roberts Creek,2022,Rural,mobile,83229.0,2272.0,23.0
510,British Columbia / Colombie-Britannique,Salmo,2022,Rural,fixed,28887.27023809524,6866.126785714286,27.488690476190477
511,British Columbia / Colombie-Britannique,Salmo,2022,Rural,mobile,37767.64,4898.5199999999995,46.14
515,British Columbia / Colombie-Britannique,Salmon Arm,2022,Urban,mobile,36626.30952380953,5664.214285714285,65.66666666666666
517,British Columbia / Colombie-Britannique,Sechelt,2022,Rural,mobile,58482.61724137931,9648.366666666665,31.26436781609195
519,British Columbia / Colombie-Britannique,Shawnigan - Mill Bay,2022,Rural,mobile,108533.4,9216.8,55.1
521,British Columbia / Colombie-Britannique,Shawnigan - Mill Bay,2022,Urban,mobile,19384.166666666668,2887.6666666666665,74.0
522,British Columbia / Colombie-Britannique,Sicamous,2022,Rural,fixed,88320.00378637567,9611.226686507936,22.568055555555556
523,British Columbia / Colombie-Britannique,Sicamous,2022,Rural,mobile,51365.548484848485,9347.370454545455,38.625
533,British Columbia / Colombie-Britannique,Squamish,2022,Rural,mobile,67118.16666666667,8137.6612903225805,51.79032258064516
539,British Columbia / Colombie-Britannique,Telkwa,2022,Rural,mobile,13241.291666666668,1883.4583333333333,43.333333333333336
548,British Columbia / Colombie-Britannique,Tumbler Ridge,2022,Rural,fixed,30587.95163690476,5570.921875,27.110119047619047
549,British Columbia / Colombie-Britannique,Tumbler Ridge,2022,Rural,mobile,94311.0625,7161.3125,40.697916666666664
567,British Columbia / Colombie-Britannique,Welcome Beach,2022,Rural,mobile,32130.0,21873.0,22.0
577,Manitoba,Altona,2022,Rural,mobile,28821.63125,9546.264583333334,92.26875
578,Manitoba,Arborg,2022,Rural,fixed,37444.3933531746,4370.378125,26.10639880952381
582,Manitoba,Boissevain,2022,Rural,fixed,69538.76001984127,8489.928075396825,21.579464285714284
598,Manitoba,Gimli,2022,Rural,fixed,35059.30303030303,11269.475,19.50340909090909
601,Manitoba,Grunthal,2022,Rural,mobile,93111.7,9144.9125,62.1875
606,Manitoba,Lac du Bonnet,2022,Rural,fixed,34270.53869047619,4298.929464285714,48.758630952380955
609,Manitoba,Lorette,2022,Rural,mobile,61931.791666666664,4014.7083333333335,63.70833333333333
611,Manitoba,Minnedosa,2022,Rural,mobile,65088.2,8151.5,53.6
613,Manitoba,Mitchell,2022,Urban,mobile,74924.90625,5346.458333333334,60.354166666666664
619,Manitoba,Morris,2022,Rural,mobile,59256.760416666664,3787.4479166666665,99.91666666666666
625,Manitoba,Oakbank,2022,Rural,mobile,97288.04166666667,6963.833333333333,49.416666666666664
627,Manitoba,Oakbank,2022,Urban,mobile,85881.07083333333,9195.125,61.24583333333334
628,Manitoba,Pinawa,2022,Rural,fixed,30273.31488095238,4869.592857142858,43.095238095238095
631,Manitoba,Portage la Prairie,2022,Rural,mobile,75300.90978835979,8855.185714285713,46.923280423280424
632,Manitoba,Roblin,2022,Rural,fixed,49952.48080357142,7587.912946428572,25.44375
634,Manitoba,Russell,2022,Rural,fixed,62584.402083333334,6942.303472222222,22.10138888888889
635,Manitoba,Russell,2022,Rural,mobile,45558.25,11720.0,44.916666666666664
647,Manitoba,Ste. Anne,2022,Rural,mobile,112690.66666666667,7057.277777777777,66.73611111111111
658,Manitoba,Stony Mountain,2022,Rural,fixed,34199.617944555444,4933.686521811522,26.6254995004995
659,Manitoba,Stony Mountain,2022,Rural,mobile,44331.055555555555,3512.6111111111113,72.5
660,Manitoba,Stony Mountain,2022,Urban,fixed,32843.875,5241.666666666667,34.70833333333333
661,Manitoba,Stony Mountain,2022,Urban,mobile,37079.166666666664,4460.0,80.33333333333333
662,Manitoba,Swan River,2022,Rural,fixed,63690.23343253968,8283.274107142857,23.273611111111112
663,Manitoba,Swan River,2022,Rural,mobile,46415.848958333336,13141.203125,63.208333333333336
664,Manitoba,Teulon,2022,Rural,fixed,60481.6765625,7023.656770833333,35.9421875
671,Manitoba,Virden,2022,Rural,mobile,39113.25,7395.8125,69.35416666666666
673,Manitoba,Winkler,2022,Rural,mobile,82840.18261626766,8005.780476517531,79.74036090397696
687,New Brunswick / Nouveau-Brunswick,Caraquet,2022,Rural,mobile,46922.680555555555,4387.925,51.11388888888889
689,New Brunswick / Nouveau-Brunswick,Chatham - Douglastown,2022,Rural,mobile,97420.9893939394,9583.313636363637,53.343939393939394
699,New Brunswick / Nouveau-Brunswick,Grand Falls / Grand-Sault,2022,Rural,mobile,42424.63333333333,7123.394444444445,52.84444444444444
703,New Brunswick / Nouveau-Brunswick,McEwen,2022,Rural,mobile,74054.83333333333,5391.666666666667,34.166666666666664
713,New Brunswick / Nouveau-Brunswick,Oromocto,2022,Urban,mobile,39311.225,5674.55,63.55
719,New Brunswick / Nouveau-Brunswick,Richibucto 15,2022,Rural,mobile,10658.5,7201.75,61.0
721,New Brunswick / Nouveau-Brunswick,Sackville,2022,Rural,mobile,48582.319444444445,13451.986111111111,38.27777777777778
729,New Brunswick / Nouveau-Brunswick,Saint-Antoine,2022,Rural,mobile,642.5,1632.0,26.0
731,New Brunswick / Nouveau-Brunswick,Saint-Quentin,2022,Rural,mobile,33601.5625,988.3125,64.3125
733,New Brunswick / Nouveau-Brunswick,Salisbury,2022,Rural,mobile,7502.690476190476,2507.976190476191,63.857142857142854
737,New Brunswick / Nouveau-Brunswick,Shediac,2022,Urban,mobile,57467.64166666666,9201.529166666667,46.33125
741,New Brunswick / Nouveau-Brunswick,St. Leonard,2022,Rural,mobile,9070.0,703.0,46.0
743,New Brunswick / Nouveau-Brunswick,St. Stephen,2022,Rural,mobile,42990.05392156862,7524.899509803922,42.41666666666667
749,New Brunswick / Nouveau-Brunswick,Tracadie-Sheila,2022,Rural,mobile,56890.256944444445,7240.777777777777,52.71527777777777
751,New Brunswick / Nouveau-Brunswick,Wells,2022,Rural,mobile,133431.1,8195.4,28.2
753,New Brunswick / Nouveau-Brunswick,Woodstock,2022,Rural,mobile,79325.00925925927,6880.527777777777,51.68518518518519
757,Newfoundland and Labrador / Terre-Neuve-et-Labrador,Bishop's Falls,2022,Rural,mobile,6998.0,1049.0,80.0
758,Newfoundland and Labrador / Terre-Neuve-et-Labrador,Bonavista,2022,Rural,fixed,160243.9177804834,8329.727958152958,31.919808201058203
762,Newfoundland and Labrador / Terre-Neuve-et-Labrador,Burgeo,2022,Rural,fixed,32787.25555555555,7874.695436507936,35.80426587301587
763,Newfoundland and Labrador / Terre-Neuve-et-Labrador,Burgeo,2022,Rural,mobile,7327.0,2809.5,60.166666666666664
769,Newfoundland and Labrador / Terre-Neuve-et-Labrador,Clarenville-Shoal Harbour,2022,Rural,mobile,33736.259420289854,11689.43188405797,48.01304347826087
771,Newfoundland and Labrador / Terre-Neuve-et-Labrador,Clarenville-Shoal Harbour,2022,Urban,mobile,3187.0,711.5,64.5
775,Newfoundland and Labrador / Terre-Neuve-et-Labrador,Deer Lake,2022,Rural,mobile,22595.0,12121.73076923077,54.69230769230769
777,Newfoundland and Labrador / Terre-Neuve-et-Labrador,Fortune,2022,Rural,mobile,61650.875,3118.875,46.75
783,Newfoundland and Labrador / Terre-Neuve-et-Labrador,Grand Bank,2022,Rural,mobile,40687.357142857145,5277.309523809524,46.357142857142854
790,Newfoundland and Labrador / Terre-Neuve-et-Labrador,Humber Arm South,2022,Rural,fixed,196689.52007575758,9561.09412878788,31.532954545454544
791,Newfoundland and Labrador / Terre-Neuve-et-Labrador,Humber Arm South,2022,Rural,mobile,45894.666666666664,7166.333333333333,45.666666666666664
795,Newfoundland and Labrador / Terre-Neuve-et-Labrador,Lewisporte,2022,Rural,mobile,63760.666666666664,6505.666666666667,64.66666666666667
799,Newfoundland and Labrador / Terre-Neuve-et-Labrador,Marystown,2022,Urban,mobile,1418.0,1465.5,36.0
804,Newfoundland and Labrador / Terre-Neuve-et-Labrador,Placentia,2022,Rural,fixed,111127.2380952381,9078.346726190475,22.56845238095238
805,Newfoundland and Labrador / Terre-Neuve-et-Labrador,Placentia,2022,Rural,mobile,46938.0,1942.7857142857142,77.21428571428571
806,Newfoundland and Labrador / Terre-Neuve-et-Labrador,Springdale,2022,Rural,fixed,133659.61725146198,9196.28006822612,23.55009746588694
815,Newfoundland and Labrador / Terre-Neuve-et-Labrador,Stephenville,2022,Rural,mobile,49124.56182795699,17133.889784946237,56.84139784946236
816,Newfoundland and Labrador / Terre-Neuve-et-Labrador,Wabana,2022,Rural,fixed,13130.901785714286,1202.3809523809523,86.60714285714286
817,Newfoundland and Labrador / Terre-Neuve-et-Labrador,Wabana,2022,Rural,mobile,19535.125,6309.625,58.125
819,Northwest Territories / Territoires du Nord-Ouest,Fort Smith,2022,Rural,mobile,77894.0,7061.833333333333,57.5
825,Northwest Territories / Territoires du Nord-Ouest,Yellowknife,2022,Rural,mobile,31856.241397849462,11276.893010752688,72.58198924731182
829,Nova Scotia / Nouvelle-Écosse,Amherst,2022,Rural,mobile,51007.441666666666,6190.778571428571,41.108333333333334
833,Nova Scotia / Nouvelle-Écosse,Berwick,2022,Rural,mobile,54758.166666666664,6614.458333333333,60.958333333333336
837,Nova Scotia / Nouvelle-Écosse,Bridgewater,2022,Urban,mobile,40307.875,3357.125,58.4375
839,Nova Scotia / Nouvelle-Écosse,Brookside,2022,Rural,mobile,173753.0,2711.0,29.0
845,Nova Scotia / Nouvelle-Écosse,Chester,2022,Rural,mobile,43877.0,15208.0,89.5
851,Nova Scotia / Nouvelle-Écosse,Enfield - Lantz,2022,Urban,mobile,33049.63888888889,16964.222222222223,28.11111111111111
855,Nova Scotia / Nouvelle-Écosse,Eskasoni 3,2022,Rural,mobile,101082.875,9657.875,34.5
867,Nova Scotia / Nouvelle-Écosse,Hayes Subdivision,2022,Rural,mobile,39691.333333333336,3905.444444444444,31.333333333333332
879,Nova Scotia / Nouvelle-Écosse,Liverpool,2022,Rural,mobile,41081.119791666664,2629.78125,81.40625
881,Nova Scotia / Nouvelle-Écosse,Lunenburg,2022,Rural,mobile,23721.85606060606,4643.689393939393,70.0909090909091
883,Nova Scotia / Nouvelle-Écosse,Middleton,2022,Rural,mobile,45250.2,6519.0,33.0
885,Nova Scotia / Nouvelle-Écosse,New Glasgow,2022,Rural,mobile,46920.31264367816,8448.316611932129,51.851450465243566
887,Nova Scotia / Nouvelle-Écosse,New Waterford,2022,Rural,mobile,80505.2564102564,5902.1891025641025,40.36538461538461
889,Nova Scotia / Nouvelle-Écosse,Pictou,2022,Rural,mobile,45345.142857142855,6688.428571428572,58.67857142857143
891,Nova Scotia / Nouvelle-Écosse,Port Hawkesbury,2022,Rural,mobile,42316.37280701754,5770.877192982456,52.29824561403509
905,Nova Scotia / Nouvelle-Écosse,Truro,2022,Urban,mobile,60375.67142857143,7984.457142857143,38.32857142857143
907,Nova Scotia / Nouvelle-Écosse,Windsor,2022,Rural,mobile,28147.303030303035,4922.0,45.666666666666664
912,Nunavut,Arviat,2022,Rural,fixed,49363.333333333336,4642.0,454.6666666666667
913,Nunavut,Arviat,2022,Rural,mobile,20073.75,10512.0,611.5
914,Nunavut,Baker Lake,2022,Rural,fixed,23910.95,4846.2,525.3666666666667
916,Nunavut,Cambridge Bay,2022,Rural,fixed,71296.5,7303.0,403.0
918,Nunavut,Iqaluit,2022,Urban,fixed,15085.70680672269,2128.3276890756306,157.5205042016807
919,Nunavut,Iqaluit,2022,Urban,mobile,47544.605902777774,16694.720238095237,347.90972222222223
921,Ontario,Acton,2022,Rural,mobile,137402.59102182538,8690.846974206348,30.753968253968253
926,Ontario,Alfred,2022,Rural,fixed,24537.63333333333,4995.175,75.4625
927,Ontario,Alfred,2022,Rural,mobile,59132.5,3594.625,29.125
933,Ontario,Almonte,2022,Rural,mobile,59990.11111111112,7010.970833333333,31.768055555555552
935,Ontario,Amherstburg,2022,Rural,mobile,67948.0301724138,8077.300287356322,34.50574712643678
937,Ontario,Amherstburg,2022,Urban,mobile,105489.15625,8499.458333333334,52.6875
939,Ontario,Amigo Beach,2022,Rural,mobile,67945.83333333333,8547.666666666666,23.333333333333336
941,Ontario,Angus - Borden CFB-BFC,2022,Rural,mobile,56885.469696969696,4639.898989898989,31.118686868686872
943,Ontario,Angus - Borden CFB-BFC,2022,Urban,mobile,18086.484375,2323.5989583333335,40.072916666666664
947,Ontario,Arnprior,2022,Urban,mobile,68052.99857804233,6049.417592592592,47.85505952380952
961,Ontario,Azilda,2022,Rural,mobile,87703.78125,6775.03125,36.59375
965,Ontario,Ballantrae,2022,Rural,mobile,68639.3,5485.2,51.25
970,Ontario,Barry's Bay,2022,Rural,fixed,22902.698214285716,7163.186607142858,32.72857142857143
971,Ontario,Barry's Bay,2022,Rural,mobile,34853.316666666666,9278.541666666668,37.858333333333334
973,Ontario,Bath,2022,Rural,mobile,17162.49583333333,4221.466666666667,38.43333333333334
975,Ontario,Bayfield,2022,Rural,mobile,53664.9375,5607.1875,39.625
983,Ontario,Beaverton,2022,Urban,mobile,17340.625,5429.75,33.0
985,Ontario,Beeton,2022,Rural,mobile,96227.67962962964,9653.437037037038,27.425925925925924
987,Ontario,Belleville,2022,Rural,mobile,71725.55305211568,9822.937091940772,37.96296058707226
995,Ontario,Blenheim,2022,Rural,mobile,41877.91428571429,3480.5619047619043,36.423809523809524
996,Ontario,Blind River,2022,Rural,fixed,191921.25632440476,9519.39181547619,27.857142857142858
997,Ontario,Blind River,2022,Rural,mobile,88416.80303030302,7390.060606060605,40.46969696969697
999,Ontario,Bobcaygeon,2022,Rural,mobile,61577.85444444444,4772.35,31.611111111111107
1004,Ontario,Bourget,2022,Rural,fixed,143343.675,9513.575,26.39090909090909
1005,Ontario,Bourget,2022,Rural,mobile,17050.0,742.5,174.5
1007,Ontario,Bowmanville,2022,Rural,mobile,87614.1718769326,9851.806478045764,33.46681612038755
1009,Ontario,Bowmanville,2022,Urban,mobile,58441.81785714286,6681.647222222223,36.410714285714285
1021,Ontario,Bridgenorth - Chemong Park Area,2022,Rural,mobile,32485.019047619047,6107.611904761905,49.839285714285715
1025,Ontario,Brighton,2022,Urban,mobile,71744.88571428572,8661.252380952381,66.31666666666666
1027,Ontario,Brockville,2022,Rural,mobile,64694.19442301926,9576.283445099274,38.64372688098337
1029,Ontario,Brockville,2022,Urban,mobile,51233.08333333333,8869.479166666668,32.708333333333336
1031,Ontario,Brussels,2022,Rural,mobile,25050.0,4532.25,24.25
1033,Ontario,Caledon East,2022,Rural,mobile,69371.51190476191,4815.148809523809,25.142857142857142
1036,Ontario,Campbellford,2022,Rural,fixed,126605.32604166666,7801.289583333333,19.897916666666664
1039,Ontario,Cannington,2022,Rural,mobile,94020.16666666667,5837.5,23.333333333333332
1042,Ontario,Cardinal,2022,Rural,fixed,132659.21875,9597.708333333334,38.447916666666664
1043,Ontario,Cardinal,2022,Rural,mobile,34194.07142857143,3969.6428571428573,39.857142857142854
1045,Ontario,Carleton Place,2022,Rural,mobile,47493.14487628385,7131.669082633053,35.15916199813258
1047,Ontario,Carleton Place,2022,Urban,mobile,54496.450793650794,9644.361111111111,34.445238095238096
1049,Ontario,Carlisle,2022,Rural,mobile,35787.229166666664,4367.291666666667,24.5625
1051,Ontario,Casselman,2022,Rural,mobile,42351.869791666664,12386.494791666666,33.619791666666664
1053,Ontario,Casselman,2022,Urban,mobile,28366.361904761903,9417.430952380953,43.738095238095234
1056,Ontario,Chalk River,2022,Rural,fixed,37067.62301587302,4679.928571428572,45.19444444444444
1057,Ontario,Chalk River,2022,Rural,mobile,47478.24166666667,9811.295833333334,36.19583333333333
1067,Ontario,Chesley,2022,Rural,mobile,70576.16666666667,8821.5,26.166666666666668
1069,Ontario,Chesterville,2022,Rural,mobile,20238.97619047619,4194.428571428572,35.42857142857143
1083,Ontario,Colborne,2022,Rural,mobile,66188.66666666667,8407.833333333334,36.333333333333336
1087,Ontario,Collingwood,2022,Urban,mobile,81770.4244047619,8217.90238095238,28.53095238095238
1091,Ontario,Constance Bay,2022,Rural,mobile,30943.966666666667,2476.838596491228,37.94649122807018
1097,Ontario,Corunna,2022,Rural,mobile,82019.5799019608,7898.943137254902,36.89607843137255
1099,Ontario,Creemore,2022,Rural,mobile,29285.375,3267.125,27.25
1103,Ontario,Crystal Beach,2022,Urban,mobile,52002.700000000004,8057.45,56.86666666666667
1104,Ontario,Deep River,2022,Rural,fixed,34933.02370962371,4429.425856018981,46.088921703296705
1105,Ontario,Deep River,2022,Rural,mobile,9937.590238095238,1390.8504761904762,46.81809523809524
1107,Ontario,Delhi,2022,Rural,mobile,65999.0,7023.012820512821,34.58974358974359
1111,Ontario,Dorchester,2022,Rural,mobile,49605.166666666664,4173.9,37.13333333333333
1112,Ontario,Dowling,2022,Rural,fixed,143344.40922619047,9209.831547619047,19.469940476190477
1114,Ontario,Drayton,2022,Urban,fixed,2348.0,426.0,20.0
1115,Ontario,Drayton,2022,Urban,mobile,59352.875,2592.125,32.75
1117,Ontario,Dresden,2022,Rural,mobile,43581.899305555555,1964.65625,50.74305555555555
1123,Ontario,Dunnville,2022,Rural,mobile,72934.50219298246,5754.331140350878,36.296052631578945
1125,Ontario,Durham,2022,Rural,mobile,15577.35,1329.6166666666668,34.0
1127,Ontario,Dutton,2022,Rural,mobile,46004.5,10874.666666666666,24.0
1128,Ontario,Eganville,2022,Rural,fixed,16437.479166666668,2389.0798611111113,40.34375
1129,Ontario,Eganville,2022,Rural,mobile,32849.24642857143,9835.630952380952,43.53928571428571
1131,Ontario,Elliot Lake,2022,Rural,mobile,79850.12916666667,7077.936742424243,36.17765151515152
1135,Ontario,Elmira,2022,Urban,mobile,31409.86111111111,7830.86111111111,30.222222222222225
1139,Ontario,Embrun,2022,Rural,mobile,40969.98245614035,5272.214912280701,31.04385964912281
1141,Ontario,Embrun,2022,Urban,mobile,48421.945238095235,6417.225892857143,29.501190476190477
1142,Ontario,Englehart,2022,Rural,fixed,33554.325,5658.3,60.9125
1143,Ontario,Englehart,2022,Rural,mobile,26165.999999999996,1845.5416666666665,215.41666666666666
1147,Ontario,Espanola,2022,Rural,mobile,30205.791666666668,5785.447916666667,37.864583333333336
1149,Ontario,Essex,2022,Rural,mobile,83949.99324324324,7257.268018018019,41.18018018018017
1155,Ontario,Exeter,2022,Rural,mobile,88189.54629629629,5089.296296296296,33.601851851851855
1157,Ontario,Factory Island,2022,Rural,mobile,339.0,1367.5,230.0
1160,Ontario,Fenelon Falls,2022,Urban,fixed,31985.793560606064,9066.19696969697,21.384469696969695
1167,Ontario,Forest,2022,Rural,mobile,29877.714285714286,2511.1309523809527,32.214285714285715
1177,Ontario,Gananoque,2022,Rural,mobile,71231.33307656395,9681.588001867414,79.16444911297853
1185,Ontario,Glencoe,2022,Rural,mobile,56192.060119047615,3142.382738095238,43.10476190476191
1187,Ontario,Goderich,2022,Rural,mobile,61386.017441860466,6273.018992248061,32.01472868217054
1189,Ontario,Golden,2022,Rural,mobile,37.0,2269.0,58.0
1205,Ontario,Haileybury,2022,Rural,mobile,111475.11111111111,9541.611111111111,59.44444444444444
1213,Ontario,Harriston,2022,Rural,mobile,17440.14285714286,4846.714285714285,28.642857142857142
1215,Ontario,Harrow,2022,Rural,mobile,63472.30555555556,4007.5277777777774,42.986111111111114
1218,Ontario,Hearst,2022,Rural,fixed,27236.80992063492,13419.61607142857,11.601934523809524
1227,Ontario,Ingleside,2022,Rural,mobile,34049.666666666664,4679.25,33.166666666666664
1231,Ontario,Innisfil,2022,Urban,mobile,64829.01298701299,8353.039069264069,29.295725108225106
1233,Ontario,Iroquois,2022,Rural,mobile,17374.55555555556,3462.8333333333335,45.333333333333336
1234,Ontario,Iroquois Falls,2022,Rural,fixed,42731.525,11284.992261904761,45.09880952380952
1237,Ontario,Jarvis,2022,Rural,mobile,19546.333333333332,2954.3333333333335,35.666666666666664
1242,Ontario,Kapuskasing,2022,Rural,fixed,166255.7529348545,9847.998826058201,25.3380291005291
1249,Ontario,Keswick - Elmhurst Beach,2022,Rural,mobile,63609.407865168534,7778.303745318352,35.828089887640445
1251,Ontario,Keswick - Elmhurst Beach,2022,Urban,mobile,51932.534375,5789.33125,44.553125
1253,Ontario,Kincardine,2022,Rural,mobile,54645.65424710425,9830.873552123552,43.311389961389956
1268,Ontario,L'Orignal,2022,Rural,fixed,24012.177083333336,5256.870833333333,27.252777777777776
1269,Ontario,L'Orignal,2022,Rural,mobile,32439.416666666664,2907.625,54.5
1271,Ontario,Lakefield,2022,Rural,mobile,23776.197916666664,1707.1875,65.28125
1277,Ontario,Lindsay,2022,Rural,mobile,68961.85137961726,9229.485580774366,39.94672897196262
1281,Ontario,Listowel,2022,Rural,mobile,44015.639814814815,8278.639351851853,50.72638888888889
1283,Ontario,Listowel,2022,Urban,mobile,32543.420833333334,4796.816666666667,37.333333333333336
1284,Ontario,Little Current,2022,Rural,fixed,24560.24087301587,3564.4563492063494,38.236111111111114
1285,Ontario,Little Current,2022,Rural,mobile,41012.80952380952,6278.666666666667,45.97619047619048
1287,Ontario,Lively,2022,Rural,mobile,96800.0625,9455.25,25.1875
1294,Ontario,Longlac,2022,Rural,fixed,38063.885416666664,6537.690476190476,43.57589285714286
1295,Ontario,Longlac,2022,Rural,mobile,42832.79166666667,19382.625,47.833333333333336
1297,Ontario,Lucan,2022,Rural,mobile,64211.916666666664,6149.833333333333,28.5
1298,Ontario,Madoc,2022,Rural,fixed,23671.050347222223,7702.960069444445,41.36458333333333
1299,Ontario,Madoc,2022,Rural,mobile,29479.95,10840.3375,55.5875
1301,Ontario,Manitouwadge,2022,Rural,mobile,22904.2,16297.05,65.3
1303,Ontario,Manotick Station,2022,Rural,mobile,82421.125,5955.625,30.375
1305,Ontario,Manotick Station,2022,Urban,mobile,37316.22916666667,2883.75,32.354166666666664
1307,Ontario,Marathon,2022,Rural,mobile,29666.208333333332,14078.5625,50.177083333333336
1309,Ontario,Marathon,2022,Urban,mobile,33737.14583333333,13958.041666666666,54.64583333333333
1311,Ontario,Marchmont - Bass Lake,2022,Rural,mobile,46764.8125,4224.25,30.9375
1313,Ontario,Markdale,2022,Rural,mobile,17088.1,2242.1,74.0
1314,Ontario,Marmora,2022,Rural,fixed,96642.58035714286,8994.339285714286,16.698214285714286
1316,Ontario,Mattawa,2022,Rural,fixed,38935.689980158735,4889.042559523809,49.75404942279942
1317,Ontario,Mattawa,2022,Rural,mobile,35705.30925925926,11345.285185185185,46.16851851851852
1318,Ontario,McGregor,2022,Rural,fixed,24259.5,3348.1666666666665,17.666666666666664
1321,Ontario,Meaford,2022,Rural,mobile,100583.04385964913,3036.7105263157896,34.45614035087719
1327,Ontario,Midland,2022,Urban,mobile,61304.854166666664,5925.0625,37.6875
1328,Ontario,Mildmay,2022,Rural,fixed,131639.64880952382,7747.636904761905,28.36904761904762
1329,Ontario,Mildmay,2022,Rural,mobile,50022.666666666664,5406.333333333333,26.0
1336,Ontario,Milverton,2022,Rural,fixed,111707.5,8594.5,14.75
1343,Ontario,Mitchell,2022,Rural,mobile,29239.201388888887,2027.951388888889,37.40277777777778
1349,Ontario,Mount Albert,2022,Rural,mobile,33502.357142857145,3872.714285714286,111.28571428571429
1353,Ontario,Mount Brydges,2022,Rural,mobile,67192.67708333333,7012.302083333334,26.979166666666668
1355,Ontario,Mount Forest,2022,Rural,mobile,31145.511904761905,5205.964285714285,41.392857142857146
1357,Ontario,Napanee,2022,Rural,mobile,51125.55904663518,8754.861978551751,44.91258362849272
1359,Ontario,New Hamburg,2022,Rural,mobile,79231.32413793103,5619.584482758621,32.11781609195402
1361,Ontario,New Hamburg,2022,Urban,mobile,68171.33333333333,5617.375,31.895833333333332
1365,Ontario,Newcastle,2022,Rural,mobile,111299.825,8691.852380952381,42.04880952380953
1367,Ontario,Nobleton,2022,Rural,mobile,47281.58333333333,11349.75,42.625
1369,Ontario,Nobleton,2022,Urban,mobile,56009.65,5503.533333333333,32.36666666666667
1373,Ontario,North Bay,2022,Urban,mobile,68418.21428571429,9721.202380952382,31.035714285714285
1375,Ontario,Norwich,2022,Rural,mobile,25614.55555555556,828.3333333333334,38.0
1376,Ontario,Norwood,2022,Rural,fixed,119427.83333333333,9518.72222222222,30.611111111111114
1377,Ontario,Norwood,2022,Rural,mobile,23623.125,14930.0,30.125
1378,Ontario,Omemee,2022,Rural,fixed,133067.65476190476,6971.351190476191,18.922619047619044
1391,Ontario,Orono,2022,Rural,mobile,37547.0,3187.0,22.5
1393,Ontario,Osgoode,2022,Rural,mobile,99999.75,9789.138888888889,33.875
1405,Ontario,Paisley,2022,Rural,mobile,46273.5,6931.5,26.666666666666668
1407,Ontario,Palmerston,2022,Rural,mobile,33043.370370370365,3282.8518518518517,41.111111111111114
1413,Ontario,Parkhill,2022,Rural,mobile,22339.25,1379.5,36.25
1421,Ontario,Petawawa,2022,Rural,mobile,62567.01990740741,8893.569907407407,49.80694444444444
1423,Ontario,Petawawa,2022,Urban,mobile,35799.44444444444,5688.777777777778,44.22222222222222
1429,Ontario,Petrolia,2022,Rural,mobile,72314.22727272728,4905.242424242425,32.78787878787879
1431,Ontario,Petrolia,2022,Urban,mobile,45269.0,4210.75,27.75
1435,Ontario,Picton,2022,Urban,mobile,73030.928125,9054.118402777778,30.437847222222224
1437,Ontario,Plattsville,2022,Rural,mobile,186101.0,6004.0,24.5
1439,Ontario,Porcupine,2022,Rural,mobile,85254.0,9028.253846153846,63.965384615384615
1449,Ontario,Port Elgin,2022,Urban,mobile,48453.34375,8150.114583333334,57.208333333333336
1457,Ontario,Port Perry,2022,Urban,mobile,73002.62857142858,8971.157142857142,32.25714285714286
1459,Ontario,Port Rowan,2022,Rural,mobile,40828.875,6105.375,42.54166666666667
1461,Ontario,Port Stanley,2022,Rural,mobile,42768.71041666667,2771.1395833333336,39.077083333333334
1465,Ontario,Prescott,2022,Rural,mobile,58748.95128205128,8665.665384615384,45.2724358974359
1467,Ontario,Red Lake,2022,Rural,mobile,34903.25,14438.75,46.125
1469,Ontario,Renfrew,2022,Rural,mobile,49064.342147922995,7053.024721377913,38.85572441742654
1471,Ontario,Richmond,2022,Rural,mobile,32353.21153846154,4333.23717948718,73.0448717948718
1473,Ontario,Ridgetown,2022,Rural,mobile,67892.04166666667,6855.898484848484,42.91136363636363
1475,Ontario,Rockland,2022,Rural,mobile,74520.0880952381,7396.995238095238,44.46380952380952
1477,Ontario,Rockland,2022,Urban,mobile,48076.744047619046,7395.160714285715,45.57440476190476
1481,Ontario,Russell,2022,Rural,mobile,64346.577380952374,7087.744047619048,40.767857142857146
1483,Ontario,Russell,2022,Urban,mobile,38298.5875,3227.7791666666667,43.86666666666666
1493,Ontario,Schomberg,2022,Rural,mobile,80695.64285714286,8825.642857142857,25.928571428571427
1499,Ontario,Simcoe,2022,Rural,mobile,62950.57046413502,9092.159915611814,26.25675105485232
1507,Ontario,Southampton,2022,Rural,mobile,59216.328125,7684.057291666667,32.28125
1513,Ontario,St. George,2022,Rural,mobile,12176.791666666668,2780.625,63.14583333333333
1515,Ontario,St. Jacobs,2022,Rural,mobile,16139.166666666666,3877.0833333333335,30.0
1517,Ontario,St. Jacobs,2022,Urban,mobile,24902.3,3805.366666666667,29.599999999999998
1519,Ontario,St. Marys,2022,Rural,mobile,33921.20885416667,11961.697916666666,38.15
1527,Ontario,Stayner,2022,Rural,mobile,60863.180555555555,5423.006944444444,31.972222222222218
1529,Ontario,Stevensville,2022,Rural,mobile,13112.666666666666,5262.333333333333,35.5
1530,Ontario,Stirling,2022,Rural,fixed,34644.09751984127,12492.74093915344,36.65595238095238
1539,Ontario,Stratford,2022,Urban,mobile,41402.53333333333,4199.4375,33.83541666666667
1543,Ontario,Sturgeon Falls,2022,Rural,mobile,41536.986666666664,8122.84,39.00666666666667
1549,Ontario,Sutton,2022,Rural,mobile,24629.594753086418,5295.735427689595,36.5271164021164
1551,Ontario,Sutton,2022,Urban,mobile,19759.149999999998,4780.616666666667,35.18095238095238
1555,Ontario,Tay,2022,Rural,mobile,61141.93465608466,6814.506613756614,32.13015873015873
1557,Ontario,Tay,2022,Urban,mobile,24195.125,2794.2916666666665,31.25
1559,Ontario,Thamesford,2022,Rural,mobile,40769.333333333336,2968.2222222222226,31.11111111111111
1560,Ontario,Thessalon,2022,Rural,fixed,190241.3125,8833.458333333334,23.604166666666668
1563,Ontario,Thornbury,2022,Rural,mobile,91625.51999999999,8776.636428571428,31.38380952380952
1573,Ontario,Tillsonburg,2022,Urban,mobile,61151.43695652174,5938.188405797102,32.7768115942029
1577,Ontario,Timmins,2022,Urban,mobile,44317.958333333336,10089.208333333332,48.333333333333336
1583,Ontario,Tottenham,2022,Rural,mobile,54401.12698412699,9572.698412698413,35.43650793650794
1585,Ontario,Tottenham,2022,Urban,mobile,57747.4625,8557.396428571428,33.107142857142854
1587,Ontario,Uxbridge,2022,Rural,mobile,52112.73172043011,9254.639784946236,27.548387096774192
1591,Ontario,Valley East,2022,Rural,mobile,74161.30666666667,5717.758333333334,30.921666666666667
1595,Ontario,Vankleek Hill,2022,Rural,mobile,49875.65,5305.35,36.2
1597,Ontario,Vineland,2022,Rural,mobile,94241.8148148148,6909.314814814815,136.85185185185185
1605,Ontario,Walkerton,2022,Rural,mobile,125448.91666666667,9949.064814814814,32.23148148148148
1613,Ontario,Waterford,2022,Rural,mobile,111344.33333333333,5117.981481481481,40.0
1615,Ontario,Watford,2022,Rural,mobile,44026.75,4924.5,23.25
1617,Ontario,Wawa,2022,Rural,mobile,25133.60714285714,3624.440476190476,59.73809523809524
1621,Ontario,Welland - Pelham,2022,Urban,mobile,67956.28333333333,7271.5114583333325,29.188541666666666
1623,Ontario,Wellesley,2022,Rural,mobile,29773.666666666668,10788.0,27.0
1627,Ontario,West Lorne,2022,Rural,mobile,16927.5,1466.0,28.5
1629,Ontario,Wheatley,2022,Rural,mobile,78627.7807017544,5667.236842105263,45.421052631578945
1630,Ontario,Wikwemikong,2022,Rural,fixed,20397.125,5908.3125,34.625
1631,Ontario,Wikwemikong,2022,Rural,mobile,38299.0,3743.6666666666665,53.0
1633,Ontario,Winchester,2022,Rural,mobile,39380.313888888886,8480.0375,38.0625
1645,Ontario,Wyoming,2022,Rural,mobile,54310.4,6662.8,29.2
1651,Prince Edward Island / Île-du-Prince-Édouard,Cornwall,2022,Rural,mobile,7614.273809523809,2771.035714285714,51.19047619047619
1653,Prince Edward Island / Île-du-Prince-Édouard,Kensington,2022,Rural,mobile,51552.42857142857,7405.285714285715,67.28571428571429
1655,Prince Edward Island / Île-du-Prince-Édouard,Montague,2022,Rural,mobile,57647.36111111112,2559.027777777778,40.361111111111114
1659,Prince Edward Island / Île-du-Prince-Édouard,Summerside,2022,Urban,mobile,41070.5,8468.444444444443,58.166666666666664
1688,Quebec / Québec,Bedford,2022,Rural,fixed,40263.181190476185,12425.957738095238,16.226666666666667
1693,Quebec / Québec,Beloeil,2022,Urban,mobile,70796.77316017316,9272.075685425685,43.72886002886003
1695,Quebec / Québec,Berthierville,2022,Rural,mobile,56599.96732804233,7154.536111111111,28.786507936507935
1697,Quebec / Québec,Betsiamites,2022,Rural,mobile,2639.3,2028.5,35.8
1703,Quebec / Québec,Bromont,2022,Rural,mobile,18736.0,5265.5,29.75
1713,Quebec / Québec,Cabano,2022,Rural,mobile,81184.35714285714,6300.857142857143,31.785714285714285
1715,Quebec / Québec,Campbellton,2022,Rural,mobile,44601.604166666664,2522.7708333333335,56.25
1719,Quebec / Québec,Cap-Saint-Ignace,2022,Rural,mobile,20468.5,12040.0,42.0
1720,Quebec / Québec,Cap-aux-Meules,2022,Rural,fixed,38863.521446608946,9945.187866762868,40.84429713804714
1725,Quebec / Québec,Chandler,2022,Rural,mobile,60746.333333333336,7547.916666666667,38.52777777777778
1741,Quebec / Québec,Clermont,2022,Rural,mobile,36055.4375,5158.5625,38.875
1745,Quebec / Québec,Contrecoeur,2022,Rural,mobile,84019.27777777778,8879.238888888889,22.616666666666667
1751,Quebec / Québec,Cowansville,2022,Urban,mobile,59489.770833333336,9874.666666666666,36.15625
1754,Quebec / Québec,Danville,2022,Rural,fixed,59651.92956349206,8854.897652116402,15.364153439153439
1755,Quebec / Québec,Danville,2022,Rural,mobile,54160.0,6920.666666666667,21.666666666666668
1763,Quebec / Québec,Domaine-C.-L.-C.,2022,Rural,mobile,75432.59722222222,8418.708333333334,33.388888888888886
1767,Quebec / Québec,Donnacona,2022,Urban,mobile,106520.38194444444,9506.33611111111,26.322222222222223
1773,Quebec / Québec,Dégelis,2022,Rural,mobile,27785.5,9916.833333333334,26.5
1777,Quebec / Québec,East Broughton,2022,Rural,mobile,6215.0,2224.0,30.0
1783,Quebec / Québec,Fermont,2022,Rural,mobile,36654.21428571428,9461.690476190475,49.785714285714285
1785,Quebec / Québec,Filion,2022,Rural,mobile,18136.75,2132.75,20.5
1790,Quebec / Québec,Fort-Coulonge,2022,Rural,fixed,44692.093154761904,19043.25109126984,35.96001984126984
1799,Quebec / Québec,Godefroy,2022,Rural,mobile,106706.25,6896.5,21.25
1805,Quebec / Québec,Grande-Rivière,2022,Rural,mobile,1289.0,1832.0,200.0
1809,Quebec / Québec,Hauterive,2022,Urban,mobile,70205.46666666667,8989.075,84.33333333333333
1813,Quebec / Québec,Hawkesbury,2022,Rural,mobile,23031.083333333336,3437.583333333333,31.833333333333332
1815,Quebec / Québec,Hawkesbury,2022,Urban,mobile,26067.729166666668,2608.6041666666665,35.166666666666664
1817,Quebec / Québec,Hudson,2022,Rural,mobile,58234.57,9955.649814814815,31.921481481481482
1819,Quebec / Québec,Hudson,2022,Urban,mobile,63127.158994708996,9320.594973544974,36.63306878306878
1821,Quebec / Québec,Huntingdon,2022,Rural,mobile,55907.67361111112,5222.451388888889,30.256944444444443
1823,Quebec / Québec,Hébertville,2022,Rural,mobile,31743.5,1454.75,40.25
1831,Quebec / Québec,Kuujjuaq,2022,Rural,mobile,2930.5,404.0,627.25
1837,Quebec / Québec,L'Épiphanie,2022,Rural,mobile,75327.98550724638,6701.673913043478,27.833333333333332
1839,Quebec / Québec,L'Épiphanie,2022,Urban,mobile,66528.66666666667,6013.208333333334,30.166666666666668
1851,Quebec / Québec,Lac-Alouette,2022,Rural,mobile,60876.0,8931.333333333334,28.619047619047617
1855,Quebec / Québec,Lac-Connelly,2022,Rural,mobile,62408.5,4085.5,35.666666666666664
1857,Quebec / Québec,Lac-Etchemin,2022,Rural,mobile,71324.33333333333,8165.0,70.0
1859,Quebec / Québec,Lac-Lapierre,2022,Rural,mobile,17581.590909090908,1834.090909090909,33.13636363636363
1863,Quebec / Québec,Lac-Mégantic,2022,Urban,mobile,39830.27976190476,4358.196428571428,40.279761904761905
1865,Quebec / Québec,Lac-Simon,2022,Rural,mobile,18601.0,311.0,36.0
1881,Quebec / Québec,Le Bic,2022,Rural,mobile,106196.5,1248.5,29.0
1883,Quebec / Québec,LeBlanc,2022,Rural,mobile,82590.9375,7375.325,31.4
1891,Quebec / Québec,Les Cèdres,2022,Rural,mobile,13561.166666666666,1495.5833333333333,24.916666666666668
1893,Quebec / Québec,Les Escoumins,2022,Rural,mobile,10709.25,7797.0,34.25
1897,Quebec / Québec,Louiseville,2022,Rural,mobile,44294.90476190476,5090.821428571428,34.94047619047619
1899,Quebec / Québec,Luceville,2022,Rural,mobile,28140.0,4812.0,48.0
1901,Quebec / Québec,Magog,2022,Rural,mobile,59360.84761904762,9522.123626373626,38.97051282051282
1903,Quebec / Québec,Magog,2022,Urban,mobile,44698.48055555556,8008.594444444445,42.44722222222222
1917,Quebec / Québec,Maskinongé,2022,Rural,mobile,28053.0,3365.7777777777774,26.222222222222225
1938,Quebec / Québec,Napierville,2022,Rural,fixed,37130.75528649591,13872.501017616642,21.529462782587782
1939,Quebec / Québec,Napierville,2022,Rural,mobile,22694.514492753624,4617.003623188406,22.63768115942029
1941,Quebec / Québec,Neuville,2022,Rural,mobile,44918.5,6273.416666666666,34.5
1945,Quebec / Québec,Nicolet,2022,Rural,mobile,72741.78703703704,9117.138888888889,26.48148148148148
1948,Quebec / Québec,Normandin,2022,Rural,fixed,72884.02397486773,9834.000099206349,26.710185185185185
1951,Quebec / Québec,Notre-Dame-du-Bon-Conseil,2022,Rural,mobile,16619.75,2196.0,35.1875
1952,Quebec / Québec,Notre-Dame-du-Lac,2022,Rural,fixed,39807.33928571428,18835.931547619046,20.907738095238095
1953,Quebec / Québec,Notre-Dame-du-Lac,2022,Rural,mobile,24595.5,6570.25,71.5
1955,Quebec / Québec,Notre-Dame-du-Mont-Carmel,2022,Rural,mobile,11661.0,570.0,39.0
1957,Quebec / Québec,Oka,2022,Rural,mobile,75928.16666666667,9336.166666666666,24.666666666666668
1958,Quebec / Québec,Ormstown,2022,Rural,fixed,42633.41071428571,27308.430357142857,18.19642857142857
1965,Quebec / Québec,Papineauville,2022,Rural,mobile,3057.0,589.0,32.5
1967,Quebec / Québec,Pierreville,2022,Rural,mobile,132600.5,7260.65,27.8
1969,Quebec / Québec,Plessisville,2022,Rural,mobile,75643.06531531531,7606.600450450451,38.83828828828829
1971,Quebec / Québec,Pointe-du-Lac,2022,Rural,mobile,65205.6,6232.85,29.65
1973,Quebec / Québec,Pointe-du-Lac,2022,Urban,mobile,55818.208333333336,6794.645833333333,25.729166666666668
1981,Quebec / Québec,Port-Cartier,2022,Rural,mobile,75565.00925925927,9827.888888888889,43.47222222222222
1995,Quebec / Québec,Rawdon,2022,Urban,mobile,52497.604166666664,6227.489583333333,27.697916666666668
1997,Quebec / Québec,Richmond,2022,Rural,mobile,42769.895833333336,6511.208333333333,29.848958333333332
2015,Quebec / Québec,Rouyn-Noranda,2022,Urban,mobile,94258.5,7597.75,37.0
2019,Quebec / Québec,Roxton Pond,2022,Rural,mobile,49068.416666666664,7153.416666666667,26.666666666666668
2021,Quebec / Québec,Saint Grégoire,2022,Rural,mobile,35725.166666666664,10546.416666666666,41.583333333333336
2025,Quebec / Québec,Saint-Alexandre,2022,Rural,mobile,34163.625,5441.25,41.0
2027,Quebec / Québec,Saint-Alexis-des-Monts,2022,Rural,mobile,113828.625,9188.25,55.0
2033,Quebec / Québec,Saint-Ambroise,2022,Rural,mobile,34952.0,2868.0,36.0
2035,Quebec / Québec,Saint-Ambroise-de-Kildare,2022,Rural,mobile,32378.75,4942.35,24.1
2039,Quebec / Québec,Saint-Anselme,2022,Rural,mobile,29991.6,4547.666666666666,30.866666666666667
2049,Quebec / Québec,Saint-Basile-Sud,2022,Rural,mobile,78349.0,6633.0,21.5
2051,Quebec / Québec,Saint-Boniface,2022,Rural,mobile,52941.0,5774.333333333333,35.333333333333336
2053,Quebec / Québec,Saint-Bruno,2022,Rural,mobile,20139.84375,6476.28125,37.75
2060,Quebec / Québec,Saint-Chrysostome,2022,Rural,fixed,40635.29761904762,13979.80357142857,14.922619047619047
2065,Quebec / Québec,Saint-Césaire,2022,Rural,mobile,48867.183333333334,3935.9666666666662,38.55
2067,Quebec / Québec,Saint-Damase,2022,Rural,mobile,2555.0,182.0,31.0
2069,Quebec / Québec,Saint-Damien-de-Buckland,2022,Rural,mobile,28666.0,4893.0,29.5
2073,Quebec / Québec,Saint-Fabien,2022,Rural,mobile,53863.375,4061.625,32.25
2080,Quebec / Québec,Saint-Gabriel,2022,Rural,fixed,33373.37338789683,11943.83916170635,20.972594246031747
2081,Quebec / Québec,Saint-Gabriel,2022,Rural,mobile,37477.59444444444,6371.294444444445,36.15555555555556
2087,Quebec / Québec,Saint-Germain-de-Grantham,2022,Rural,mobile,92640.625,8358.833333333334,22.666666666666668
2089,Quebec / Québec,Saint-Gédéon,2022,Rural,mobile,24423.5,9624.5,57.0
2095,Quebec / Québec,Saint-Jacques,2022,Rural,mobile,65080.0,7186.0,28.5
2099,Quebec / Québec,Saint-Jean-Port-Joli,2022,Rural,mobile,57423.0,2900.0,31.0
2106,Quebec / Québec,Saint-Joseph-de-Lanoraie,2022,Rural,fixed,49195.37222222222,23679.084722222222,18.741203703703704
2107,Quebec / Québec,Saint-Joseph-de-Lanoraie,2022,Rural,mobile,38969.15,5691.2,40.55
2109,Quebec / Québec,Saint-Jovite,2022,Rural,mobile,82291.99135487528,9164.246371882085,45.773752834467125
2117,Quebec / Québec,Saint-Liboire,2022,Rural,mobile,9244.642857142857,936.5714285714286,27.428571428571427
2121,Quebec / Québec,Saint-Marc-des-Carrières,2022,Rural,mobile,11050.074074074073,2477.1666666666665,35.05555555555556
2123,Quebec / Québec,Saint-Martin,2022,Rural,mobile,70960.66666666667,9272.0,25.333333333333332
2125,Quebec / Québec,Saint-Michel,2022,Urban,mobile,17705.625,2453.75,22.625
2126,Quebec / Québec,Saint-Michel-des-Saints,2022,Rural,fixed,59247.332142857136,9654.492857142857,86.12678571428572
2129,Quebec / Québec,Saint-Pascal,2022,Rural,mobile,48123.76666666667,7064.266666666667,33.5
2137,Quebec / Québec,Saint-Roch-de-l'Achigan,2022,Rural,mobile,111465.3125,8807.25,23.375
2147,Quebec / Québec,Saint-Thomas,2022,Rural,mobile,12182.0,5260.0,30.0
2165,Quebec / Québec,Sainte-Catherine-de-la-Jacques-Cartier,2022,Rural,mobile,149194.1666666667,9415.0,23.291666666666668
2179,Quebec / Québec,Sainte-Martine,2022,Rural,mobile,26657.333333333332,2249.3333333333335,42.666666666666664
2181,Quebec / Québec,Sainte-Martine,2022,Urban,mobile,29105.5,3272.625,30.791666666666664
2183,Quebec / Québec,Sainte-Thècle,2022,Rural,mobile,32377.111111111113,8047.222222222222,55.44444444444446
2189,Quebec / Québec,Senneterre,2022,Rural,mobile,10321.754545454545,4533.599999999999,33.663636363636364
2193,Quebec / Québec,Shannon,2022,Rural,mobile,24019.5,8040.685185185184,47.77777777777778
2196,Quebec / Québec,Shawville,2022,Rural,fixed,23462.927331349205,9460.862847222223,24.921626984126984
2197,Quebec / Québec,Shawville,2022,Rural,mobile,34995.385416666664,4054.3125,35.989583333333336
2207,Quebec / Québec,Stanstead,2022,Rural,mobile,51566.625,5344.75,31.75
2209,Quebec / Québec,Stoneham,2022,Rural,mobile,57151.0625,4091.5625,24.4375
2213,Quebec / Québec,Terrasse-des-Pins,2022,Urban,mobile,28289.0625,5833.09375,97.27083333333334
2217,Quebec / Québec,Thetford Mines,2022,Urban,mobile,49698.175,10346.191666666668,62.1125
2219,Quebec / Québec,Thurso,2022,Rural,mobile,10956.5,1397.5,45.5
2221,Quebec / Québec,Trois-Pistoles,2022,Rural,mobile,53050.1011904762,8524.541666666668,31.970238095238095
2229,Quebec / Québec,Val-Maher,2022,Rural,mobile,16968.0,2640.0,23.333333333333332
2233,Quebec / Québec,Val-d'Or,2022,Urban,mobile,6168.5,1531.5,31.5
2239,Quebec / Québec,Varennes,2022,Rural,mobile,63715.59966996699,8368.838448844885,27.105775577557758
2241,Quebec / Québec,Varennes,2022,Urban,mobile,34994.333333333336,5033.11111111111,32.55555555555556
2253,Quebec / Québec,Warwick,2022,Rural,mobile,77162.09375,8781.34375,32.90625
2255,Quebec / Québec,Waskaganish,2022,Rural,mobile,55537.5,8320.5,52.0
2257,Quebec / Québec,Waterloo,2022,Rural,mobile,32614.847222222223,7070.310185185185,33.81018518518519
2261,Quebec / Québec,Windsor,2022,Rural,mobile,80935.66666666666,5522.691666666667,34.90833333333333
2263,Quebec / Québec,Yamachiche,2022,Rural,mobile,49950.041666666664,13370.8125,23.333333333333332
2266,Saskatchewan,Assiniboia,2022,Rural,fixed,31078.137425595236,5039.039880952381,30.576785714285712
2271,Saskatchewan,Battleford,2022,Rural,mobile,40815.28571428572,8760.0,32.42857142857143
2273,Saskatchewan,Biggar,2022,Rural,mobile,41879.5,7751.5,35.0
2274,Saskatchewan,Birch Hills,2022,Rural,fixed,25014.40238095238,4061.9964285714286,29.75
2275,Saskatchewan,Birch Hills,2022,Rural,mobile,28063.875,5164.5,24.75
2276,Saskatchewan,Canora,2022,Rural,fixed,53613.583333333336,6548.333333333333,26.974999999999998
2277,Saskatchewan,Canora,2022,Rural,mobile,38663.0,4319.0,37.5
2279,Saskatchewan,Carnduff,2022,Rural,mobile,32216.5,16131.5,28.0
2280,Saskatchewan,Dalmeny,2022,Rural,fixed,104315.9628968254,8838.10496031746,28.403373015873015
2282,Saskatchewan,Esterhazy,2022,Rural,fixed,75976.52938988095,7652.916939484127,32.48809523809524
2283,Saskatchewan,Esterhazy,2022,Rural,mobile,24896.30555555556,5266.597222222222,51.125
2289,Saskatchewan,Fort Qu'Appelle,2022,Rural,mobile,79616.78571428571,6207.357142857143,42.88095238095239
2290,Saskatchewan,Hudson Bay,2022,Rural,fixed,64282.6875,6477.916666666667,37.541666666666664
2291,Saskatchewan,Hudson Bay,2022,Rural,mobile,17962.0,7381.0,31.0
2293,Saskatchewan,Humboldt,2022,Rural,mobile,49589.40579710145,7529.557971014492,41.14492753623188
2294,Saskatchewan,Indian Head,2022,Rural,fixed,106873.41101190477,8930.258035714285,26.638839285714283
2295,Saskatchewan,Indian Head,2022,Rural,mobile,12319.625,1302.6875,47.125
2296,Saskatchewan,Kamsack,2022,Rural,fixed,69920.875,8580.5,24.020833333333332
2297,Saskatchewan,Kamsack,2022,Rural,mobile,71980.0,7198.625,61.75
2298,Saskatchewan,Kimosom Pwatinahk 203 (Deschambault Lake),2022,Rural,fixed,2796.6666666666665,729.0,29.833333333333332
2308,Saskatchewan,Lumsden,2022,Rural,fixed,65056.59275793651,6696.639021164021,29.61392195767196
2310,Saskatchewan,Maple Creek,2022,Rural,fixed,70637.80535714286,7094.259226190476,24.53154761904762
2314,Saskatchewan,Meadow Lake,2022,Rural,fixed,93042.79551587302,8416.113988095238,41.394305555555555
2317,Saskatchewan,Melfort,2022,Rural,mobile,44853.64035087719,9756.526315789473,42.438596491228076
2325,Saskatchewan,Nipawin,2022,Rural,mobile,44863.055555555555,8732.172222222222,38.60555555555556
2327,Saskatchewan,North Battleford,2022,Rural,mobile,64549.57232704403,9820.943396226416,41.23899371069182
2328,Saskatchewan,Osler,2022,Rural,fixed,22078.478273809524,4648.211607142857,30.904761904761905
2331,Saskatchewan,Outlook,2022,Rural,mobile,29686.666666666668,13636.0,30.666666666666668
2332,Saskatchewan,Oxbow,2022,Rural,fixed,84642.13333333333,8340.408333333333,33.46666666666667
2333,Saskatchewan,Oxbow,2022,Rural,mobile,8681.5,255.33333333333334,47.666666666666664
2339,Saskatchewan,Prince Albert,2022,Rural,mobile,46493.482931920356,9581.788953114965,37.492999357739244
2341,Saskatchewan,Prince Albert,2022,Urban,mobile,65864.77121212121,8260.874242424243,40.915151515151514
2346,Saskatchewan,Regina Beach,2022,Rural,fixed,86652.54850427351,7533.983760683761,20.516666666666666
2347,Saskatchewan,Regina Beach,2022,Rural,mobile,78045.83333333333,6790.5,31.833333333333332
2348,Saskatchewan,Rosetown,2022,Rural,fixed,48656.476851851854,6496.708730158731,30.963723544973547
2349,Saskatchewan,Rosetown,2022,Rural,mobile,48516.93518518519,7308.6296296296305,37.851851851851855
2351,Saskatchewan,Rosthern,2022,Rural,mobile,34018.0,3852.0,40.0
2356,Saskatchewan,Shaunavon,2022,Rural,fixed,64734.764285714286,6172.192857142857,41.4
2358,Saskatchewan,Shellbrook,2022,Rural,fixed,45747.39642857143,5236.900892857143,36.30535714285715
2359,Saskatchewan,Shellbrook,2022,Rural,mobile,12730.0,2255.5,43.833333333333336
2360,Saskatchewan,Stanley 157,2022,Urban,fixed,26248.183333333334,21381.050000000003,27.366666666666667
2361,Saskatchewan,Stanley 157,2022,Urban,mobile,16503.222222222223,3738.7777777777774,28.444444444444443
2363,Saskatchewan,Swift Current,2022,Rural,mobile,51902.166666666664,8383.081790123457,45.24074074074074
2366,Saskatchewan,Unity,2022,Rural,fixed,57466.70535714286,5917.279563492063,36.88968253968254
2367,Saskatchewan,Unity,2022,Rural,mobile,28267.606060606064,6064.166666666666,54.8939393939394
2368,Saskatchewan,Wadena,2022,Rural,fixed,62587.2443452381,4992.8449404761905,67.30386904761906
2369,Saskatchewan,Wadena,2022,Rural,mobile,49464.666666666664,10169.916666666666,31.25
2372,Saskatchewan,Watrous,2022,Rural,fixed,45982.02291666667,5072.243402777778,28.045833333333334
2373,Saskatchewan,Watrous,2022,Rural,mobile,39839.63888888889,8400.5,39.80555555555556
2380,Saskatchewan,Wynyard,2022,Rural,fixed,68943.94196428571,5530.678571428572,28.424107142857142
2381,Saskatchewan,Wynyard,2022,Rural,mobile,1958.25,1414.0,73.0
2389,Yukon,Whitehorse,2022,Urban,mobile,38475.526041666664,9746.927083333334,121.421875
